name,model,columnar,dummy,input,output,extern,public,V1,V2,V3,V4,phi,initV,initn,offset
L1,port_in_gpot,1,0,1,0,0,1,-0.001,0.015,-0.05,0.001,0.0025,-0.05,0.5,0.02L2,port_in_gpot,1,0,1,0,0,1,-0.001,0.015,-0.05,0.001,0.0025,-0.05,0.5,0.02L3,port_in_gpot,1,0,1,0,0,1,-0.001,0.015,-0.05,0.001,0.0025,-0.05,0.5,0.02L4,port_in_gpot,1,0,1,0,0,1,-0.001,0.015,-0.05,0.001,0.0025,-0.05,0.5,0.02L5,port_in_gpot,1,0,1,0,0,1,-0.001,0.015,-0.05,0.001,0.0025,-0.05,0.5,0.02T1,port_in_gpot,1,0,1,0,0,1,-0.001,0.015,-0.05,0.001,0.0025,-0.05,0.5,0.02
C2,MorrisLecar,1,0,0,1,0,1,-0.001,0.015,-0.05,0.001,0.0025,-0.05,0.5,0.02C3,MorrisLecar,1,0,0,1,0,1,-0.001,0.015,-0.05,0.001,0.0025,-0.05,0.5,0.02Tm1,MorrisLecar,1,0,0,1,0,1,-0.001,0.015,-0.05,0.001,0.001,-0.05184,0.0306,0Tm9,MorrisLecar,1,0,0,1,0,1,-0.001,0.015,-0.05,0.001,0.00025,-0.05184,0.0306,0Dm3,MorrisLecar,1,0,0,0,0,0,-0.001,0.015,-0.05,0.001,0.00025,-0.05184,0.0306,0T4a,MorrisLecar,1,0,0,1,0,1,-0.001,0.015,-0.05,0.001,0.001,-0.05184,0.0306,0T4b,MorrisLecar,1,0,0,1,0,1,-0.001,0.015,-0.05,0.001,0.001,-0.05184,0.0306,0T5a,MorrisLecar,1,0,0,1,0,1,-0.001,0.015,-0.05,0.001,0.001,-0.05184,0.0306,0T5b,MorrisLecar,1,0,0,1,0,1,-0.001,0.015,-0.05,0.001,0.001,-0.05184,0.0306,0Mt3h,MorrisLecar,4,0,0,1,0,1,-0.001,0.015,-0.05,0.001,0.001,-0.05184,0.0306,0Mt3v,MorrisLecar,4,0,0,1,0,1,-0.001,0.015,-0.05,0.001,0.001,-0.05184,0.0306,0